Month,Year,Status,Revenue,BudgetRevenue,EBIT,BudgetEBIT,GrossProfit,BudgetGrossProfit,Payroll,BudgetPayroll,Marketing,BudgetMarketing,Technology,BudgetTechnology,OtherOpex,BudgetOtherOpex,Capex,BudgetCapex,ForecastRevenue,ForecastEBIT,RollingForecastRevenue,RollingForecastEBIT,RevenueVariance,EBITVariance
2025-01-01,2025,Actual,941.5620928351541,944.5478018228868,276.55660813588355,285.58040314781766,376.69779397634227,385.7706509163029,3.1725000000000003,3.23595,39.89845751712229,40.75473020108035,24.11555507410613,24.08494230542675,32.95467324923039,32.114625261978155,12.26524969857374,13.411200454292295,941.5620928351541,276.55660813588344,941.5620928351541,276.55660813588344,-2.9857089877326644,-9.023795011934112
2025-02-01,2025,Actual,926.2603426999693,944.7159244416125,274.92601103676805,287.49131401973557,374.0742738624919,388.1833513948198,3.1725000000000003,3.23595,39.52749061332591,40.95571282282363,24.02916021789895,24.380033121245894,32.41911199449893,32.12034143101482,12.13189285058961,13.488683988763135,926.2603426999693,274.9260110367681,926.2603426999693,274.9260110367681,-18.455581741643186,-12.565302982967523
2025-03-01,2025,Actual,985.9036157102862,988.323432192471,293.47212624580567,299.66354980701976,398.656049623775,404.672171108554,3.1725000000000003,3.23595,41.97964027901555,42.82519119977472,25.525156549093744,25.344483407215524,34.50662654986002,33.60299669454402,12.89900053427026,14.075515389618149,985.9036157102862,293.4721262458056,985.9036157102862,293.4721262458056,-2.4198164821848422,-6.191423561214094
2025-04-01,2025,Actual,1015.1286082855526,1031.3174264214144,300.84796228334545,314.5837489139869,409.2332050928569,424.5491035992595,3.1725000000000003,3.23595,43.38779642796569,44.926994488255126,26.295445091551407,26.737617698689455,35.52950128999434,35.06479249832809,13.294106712124371,14.765892668247284,1015.1286082855526,300.8479622833454,1015.1286082855526,300.8479622833454,-16.18881813586188,-13.735786630641428
2025-05-01,2025,Actual,1009.6839986828954,1029.8250993878428,301.50350406968016,313.4411281567948,409.18417497476935,422.7155666888675,3.1725000000000003,3.23595,42.97283387713814,44.517911463036896,26.19639707404962,26.50652368984909,35.338939953901345,35.01405337918664,13.217608516244661,14.680419675548888,1009.6839986828954,301.50350406968016,1009.6839986828954,301.50350406968016,-20.14110070494735,-11.937624087114614
2025-06-01,2025,Actual,1056.5478794114704,1052.6231319346252,312.51269283776776,318.7766811966861,425.0188151103709,430.6040276217267,3.1725000000000003,3.23595,45.18504392970707,45.817541267137784,27.169402563494753,26.984668672125537,36.97917577940147,35.78918648577726,13.807008309235059,15.003168593883434,1056.5478794114704,312.51269283776776,1056.5478794114704,312.51269283776776,3.924747476845141,-6.263988358918368
2025-07-01,2025,Actual,975.7661233491535,1008.3256835267089,290.5349800726131,305.8976194008864,394.8980138222488,413.3782653720446,3.1725000000000003,3.23595,41.709660742037634,43.99596683856172,25.32905869037768,25.96565589268837,34.15181431722037,34.283073239908106,12.787259985559885,14.403827195595156,975.7661233491535,290.5349800726131,975.7661233491535,290.5349800726131,-32.55956017755534,-15.362639328273303
2025-08-01,2025,Actual,985.9842684164488,998.8031386563651,295.47810414829894,305.3099060303365,400.8551355353028,411.67496814117123,3.1725000000000003,3.23595,42.03726785176741,43.26112239930178,25.657814140660662,25.908682997216467,34.50944939457571,33.95930671431642,12.924083806516538,14.286703488346323,985.9842684164488,295.47810414829894,985.9842684164488,295.47810414829894,-12.81887023991635,-9.831801882037553
2025-09-01,2025,Actual,1023.7222623766777,1035.249011281947,304.034900128766,312.91432696877956,412.7608078805918,422.4749110362523,3.1725000000000003,3.23595,43.483604827546735,44.75172890553189,26.23952374109535,26.37443877835457,35.83027918318372,35.19846638358621,13.345304551807018,14.699624266316858,1023.7222623766777,304.0349001287661,1023.7222623766777,304.0349001287661,-11.526748905269415,-8.879426840013537
2025-10-01,2025,Actual,1045.6201889469935,1058.9771961244096,313.22509606755875,320.7433185325091,424.4752616956888,432.9136511363094,3.1725000000000003,3.23595,44.48802114228138,45.85408158998299,26.99293787270386,27.075076345587476,36.59670661314477,36.00522466822993,13.665771584736978,15.062208601606176,1045.6201889469935,313.22509606755875,1045.6201889469935,313.22509606755875,-13.357007177416108,-7.518222464950327
2025-11-01,2025,Actual,1078.4401413576256,1088.7827121134999,324.38506752267756,334.67145879547627,439.38930538858233,450.5965440975831,3.1725000000000003,3.23595,45.9254834009938,47.21605657580279,28.160849517394084,28.454466514445024,37.74540494751691,37.01861221185901,14.147767038228986,15.622863142763052,1078.4401413576256,324.38506752267756,1078.4401413576256,324.38506752267756,-10.342570755874249,-10.28639127279871
2025-12-01,2025,Actual,1171.4851063450496,1191.0878875624433,345.6084834487914,361.984634223184,469.6145165927935,487.6945996667214,3.1725000000000003,3.23595,49.66452090154497,51.45867813146437,30.167033520380375,30.518349134950107,41.00197872207674,40.496988177123065,15.287395684001972,16.94754390092102,1171.4851063450496,345.6084834487914,1171.4851063450496,345.6084834487914,-19.602781217393613,-16.376150774392613
2026-01-01,2026,Actual,1172.8466626463282,1219.3018763355358,355.5100607879848,373.8038760735585,481.01742972534635,503.54124404104766,3.5240400000000003,3.612141,50.05149408591295,52.91484866315431,30.882201658827075,31.754114508926683,41.04963319262149,41.45626379540821,15.433359729550219,17.474455145163407,1172.8466626463282,355.5100607879848,1172.8466626463282,355.5100607879848,-46.45521368920754,-18.293815285573714
2026-02-01,2026,Actual,1174.2210570857858,1226.7511239289013,349.4581778570406,375.7427440625519,474.9427683657344,506.3422019319527,3.5240400000000003,3.612141,50.12858213755118,53.34235458116363,30.73423137314006,31.935424074654584,41.0977369980025,41.709538213582654,15.423694890169333,17.58546347644939,1174.2210570857858,349.4581778570406,1174.2210570857858,349.4581778570406,-52.53006684311549,-26.284566205511283
2026-03-01,2026,Actual,1217.0925014141335,1243.5296784028938,369.1421701824086,382.2885044101759,499.5908212087201,514.8882559728002,3.5240400000000003,3.612141,52.10740146554634,54.14467423787907,32.21897201127054,32.56292725904693,42.598237549494684,42.28000906569839,16.053429502999617,17.871606264789158,1217.0925014141335,369.1421701824086,1217.0925014141335,369.1421701824086,-26.437176988760257,-13.146334227767284
2026-04-01,2026,Actual,1258.3420433951355,1321.267378898947,373.4051000579077,402.5316347871205,507.4250198939957,542.3810720836304,3.5240400000000003,3.612141,53.70511941616628,57.27542893960794,32.748788901091956,34.03877647433778,44.04197151882974,44.923090882564196,16.498269435533746,18.852211642647852,1258.3420433951355,373.4051000579077,1258.3420433951355,373.4051000579077,-62.92533550381154,-29.12653472921278
2026-05-01,2026,Actual,1254.6583786124056,1293.2082404923378,376.1274335631536,397.9726098920164,510.15539171859155,535.222085753831,3.5240400000000003,3.612141,53.49660173793477,55.8994524631553,33.09427316606905,33.76880222191982,43.913043251434196,43.969080176739496,16.516017673121567,18.53799392431088,1254.6583786124056,376.1274335631536,1254.6583786124056,376.1274335631536,-38.54986187993222,-21.845176328862806
2026-06-01,2026,Actual,1278.2024339654447,1310.0753294602623,384.6597026010711,402.0387946256609,521.1041347323551,541.228618209775,3.5240400000000003,3.612141,54.66735273613441,56.889070359742306,33.51595420635892,34.14605102272291,44.73708518879057,44.54256120164892,16.805415147509848,18.783676984535866,1278.2024339654447,384.6597026010711,1278.2024339654447,384.6597026010711,-31.872895494817612,-17.379092024589795
2026-07-01,2026,Actual,1250.9383681930883,1288.6805899041688,368.3758386004177,394.4818466594295,501.75563652571566,531.3725452077239,3.5240400000000003,3.612141,53.39067719414588,55.98309080090518,32.68223784439404,33.48032669064748,43.78284288675809,43.81514005674174,16.42112227100561,18.455360497613764,1250.9383681930883,368.3758386004177,1250.9383681930883,368.3758386004177,-37.74222171108045,-26.1060080590118
2026-08-01,2026,Actual,1262.6486706761573,1316.8117647499432,379.0421120089926,405.1990387262547,514.282794322216,545.5457802277507,3.5240400000000003,3.612141,54.119388385270426,57.43040575325231,33.40455045428749,34.53259474674564,44.19270347366551,44.77160000149807,16.65509608444566,18.941973621833334,1262.6486706761573,379.0421120089926,1262.6486706761573,379.0421120089926,-54.16309407378594,-26.15692671726208
2026-09-01,2026,Forecast,1277.4763996887248,1292.8396343396162,389.491473258657,399.5856520130903,526.1999869403014,537.3244735948102,3.5240400000000003,3.612141,54.63722227102951,56.12233480855702,33.83557742150947,34.047798205615976,44.71167398910537,43.956547567546956,16.84915465009677,18.610351437573406,1292.8396343396162,399.5856520130903,1248.4771831696257,376.8478904928528,-15.3632346508914,-10.094178754433301
2026-10-01,2026,Forecast,1351.9938694828852,1373.2521314481705,397.0350890864644,420.2784949065971,541.0697359022652,566.1176329873156,3.5240400000000003,3.612141,57.9101652107595,59.84166495019731,35.28065617314031,35.69475966128334,47.31978543190099,46.69057246923779,17.75447298359274,19.682535128611292,1373.2521314481705,420.2784949065971,1326.1304088405766,396.3632413404918,-21.258261965285328,-23.243405820132693
2026-11-01,2026,Forecast,1383.574684408531,1426.9460618832595,414.4477777971258,437.0212757100411,562.1819883841605,588.7934809364335,3.5240400000000003,3.612141,59.44118568666775,62.4487494975418,36.34387094606829,37.195148624819645,48.425113954298595,48.51616610403083,18.218312794154798,20.492357008822335,1426.9460618832595,437.0212757100411,1377.9818877420164,412.1533018568674,-43.37137747472843,-22.573497912915286
2026-12-01,2026,Forecast,1511.5737422380944,1553.0510365197406,458.50119170773587,473.85142932237136,618.3610465603388,637.7133038773266,3.5240400000000003,3.612141,64.37770767023156,67.40220867224292,39.053026204037934,40.04378964104103,52.9050809783333,52.803735241671184,19.764691734873242,22.171871430509125,1553.0510365197406,473.85142932237136,1499.759700964962,446.88769641135383,-41.47729428164621,-15.350237614635489
